speciesCode,comName,sciName,locId,locName,obsDt,howMany,lat,lng,obsValid,obsReviewed,locationPrivate,subId,exoticCategory
soulap1,Queltehue común,Vanellus chilensis,L50713726,"1331 Regidor Gustavo Binder, Osorno, Los Lagos, CL (-40,598, -73,101)",2025-07-29 22:42,2.0,-40.5978377,-73.1013386,True,False,True,S263754431,
brnowl,Lechuza,Tyto furcata,L50713726,"1331 Regidor Gustavo Binder, Osorno, Los Lagos, CL (-40,598, -73,101)",2025-07-29 22:42,1.0,-40.5978377,-73.1013386,True,False,True,S263754431,
rucspa1,Chincol,Zonotrichia capensis,L8304582,"Conjunto Los Ceibos, Viña del Mar",2025-07-29 21:47,1.0,-33.0142822,-71.5517172,True,False,True,S263701971,
bcnher,Huairavo común,Nycticorax nycticorax,L50704827,"661 Cerro Tronador, Chiguayante, Bío Bío, CL (-36.942, -73.025)",2025-07-29 18:35,3.0,-36.9422931,-73.0247112,True,False,True,S263715038,
calqua,Codorniz,Callipepla californica,L30708017,Portezuelo conexión Renca-Quilicura,2025-07-29 18:30,1.0,-33.3917945,-70.7233454,True,False,False,S264010088,N
burowl,Pequén,Athene cunicularia,L30708017,Portezuelo conexión Renca-Quilicura,2025-07-29 18:30,2.0,-33.3917945,-70.7233454,True,False,False,S264010088,
grhowl2,Tucúquere,Bubo magellanicus,L6462614,PN Bosque Fray Jorge--Administración,2025-07-29 18:19,3.0,-30.6749726,-71.6352126,True,False,False,S263685333,
aupowl1,Chuncho austral,Glaucidium nana,L6462614,PN Bosque Fray Jorge--Administración,2025-07-29 18:19,1.0,-30.6749726,-71.6352126,True,False,False,S263685333,
dustap1,Churrín del norte,Scytalopus fuscus,L6462614,PN Bosque Fray Jorge--Administración,2025-07-29 18:19,1.0,-30.6749726,-71.6352126,True,False,False,S263685333,
austhr1,Zorzal patagónico,Turdus falcklandii,L28613975,"Almirante Grau 2719, Quilpué CL-Región de Valparaíso (-33.0718,-71.4162)",2025-07-29 18:16,1.0,-33.071847,-71.416238,True,False,True,S263678147,
ausbla1,Tordo,Curaeus curaeus,L28613975,"Almirante Grau 2719, Quilpué CL-Región de Valparaíso (-33.0718,-71.4162)",2025-07-29 18:16,2.0,-33.071847,-71.416238,True,False,True,S263678147,
kelgul,Gaviota dominicana,Larus dominicanus,L49513798,Bodenor Ingram,2025-07-29 18:03,600.0,-33.3837176,-70.7675039,True,True,True,S263673936,
ameoys,Pilpilén común,Haematopus palliatus,L12050710,Complejo Humedal Rocuant-Andalién--Playa Isla Los Reyes,2025-07-29 17:53,8.0,-36.7294982,-73.0922676,True,False,False,S263691852,
colplo1,Chorlo de collar,Anarhynchus collaris,L12050710,Complejo Humedal Rocuant-Andalién--Playa Isla Los Reyes,2025-07-29 17:53,3.0,-36.7294982,-73.0922676,True,False,False,S263691852,
whimbr,Zarapito común,Numenius phaeopus,L12050710,Complejo Humedal Rocuant-Andalién--Playa Isla Los Reyes,2025-07-29 17:53,2.0,-36.7294982,-73.0922676,True,False,False,S263691852,
silgre1,Blanquillo,Podiceps occipitalis,L12050710,Complejo Humedal Rocuant-Andalién--Playa Isla Los Reyes,2025-07-29 17:53,21.0,-36.7294982,-73.0922676,True,False,False,S263691852,
perboo1,Piquero de Humboldt,Sula variegata,L12050710,Complejo Humedal Rocuant-Andalién--Playa Isla Los Reyes,2025-07-29 17:53,1.0,-36.7294982,-73.0922676,True,False,False,S263691852,
greegr,Garza grande,Ardea alba,L12050710,Complejo Humedal Rocuant-Andalién--Playa Isla Los Reyes,2025-07-29 17:53,1.0,-36.7294982,-73.0922676,True,False,False,S263691852,
blkvul,Jote de cabeza negra,Coragyps atratus,L12050710,Complejo Humedal Rocuant-Andalién--Playa Isla Los Reyes,2025-07-29 17:53,3.0,-36.7294982,-73.0922676,True,False,False,S263691852,
turvul,Jote de cabeza colorada,Cathartes aura,L12050710,Complejo Humedal Rocuant-Andalién--Playa Isla Los Reyes,2025-07-29 17:53,1.0,-36.7294982,-73.0922676,True,False,False,S263691852,
chicar1,Tiuque,Daptrius chimango,L12050710,Complejo Humedal Rocuant-Andalién--Playa Isla Los Reyes,2025-07-29 17:53,1.0,-36.7294982,-73.0922676,True,False,False,S263691852,
corpip1,Bailarín chico común,Anthus correndera,L12050710,Complejo Humedal Rocuant-Andalién--Playa Isla Los Reyes,2025-07-29 17:53,2.0,-36.7294982,-73.0922676,True,False,False,S263691852,
gryfin1,Chirihue común,Sicalis luteola,L12050710,Complejo Humedal Rocuant-Andalién--Playa Isla Los Reyes,2025-07-29 17:53,1.0,-36.7294982,-73.0922676,True,False,False,S263691852,
bkfibi1,Bandurria común,Theristicus melanopis,L24797075,Frutillar Bajo,2025-07-29 17:52,,-41.1375266,-73.0268998,True,False,False,S263675367,
dabcin1,Churrete patagónico,Cinclodes patagonicus,L24797075,Frutillar Bajo,2025-07-29 17:52,1.0,-41.1375266,-73.0268998,True,False,False,S263675367,
rocpig,Paloma doméstica,Columba livia,L50719009,"91 Esmeralda, Puerto Montt, Los Lagos, CL (-41.473, -72.929)",2025-07-29 17:48,3.0,-41.4729372,-72.9294263,True,False,True,S263781791,N
rinkin1,Martín pescador,Megaceryle torquata,L44273902,"Ruta V-630, Los Muermos",2025-07-29 17:48,1.0,-41.455369,-73.528328,True,False,True,S263961542,
snoegr,Garza chica,Egretta thula,L20473017,Universidad de Concepción--Campus Chillán,2025-07-29 17:36,2.0,-36.595976,-72.0841944,True,False,False,S263673229,
slbpar1,Choroy,Enicognathus leptorhynchus,L50694292,"S-465, Freire, Araucanía, CL (-38.945, -72.54)",2025-07-29 17:36,167.0,-38.9446909,-72.5404576,True,True,True,S263669961,
tuttyr1,Cachudito común,Anairetes parulus,L20473017,Universidad de Concepción--Campus Chillán,2025-07-29 17:36,2.0,-36.595976,-72.0841944,True,False,False,S263673229,
houwre4,Chercán común,Troglodytes musculus,L20473017,Universidad de Concepción--Campus Chillán,2025-07-29 17:36,1.0,-36.595976,-72.0841944,True,False,False,S263673229,
rucdot1,Chorlo chileno,Zonibyx modestus,L10559998,Canal El Morro--Desembocadura,2025-07-29 17:35,73.0,-36.7233074,-73.1026922,True,False,False,S263691423,
hudgod,Zarapito de pico recto,Limosa haemastica,L10559998,Canal El Morro--Desembocadura,2025-07-29 17:35,1.0,-36.7233074,-73.1026922,True,False,False,S263691423,
neocor,Yeco,Nannopterum brasilianum,L10559998,Canal El Morro--Desembocadura,2025-07-29 17:35,33.0,-36.7233074,-73.1026922,True,False,False,S263691423,
yebpin1,Pato jergón grande,Anas georgica,L42214155,"205 Federico Arcos, Coquimbo, Coquimbo, CL (-29.894, -71.261)",2025-07-29 17:31,2.0,-29.8941867,-71.2610757,True,False,True,S263673412,
yebtea1,Pato jergón chico,Anas flavirostris,L42214155,"205 Federico Arcos, Coquimbo, Coquimbo, CL (-29.894, -71.261)",2025-07-29 17:31,4.0,-29.8941867,-71.2610757,True,False,True,S263673412,
pigdov1,Tortolita cuyana,Columbina picui,L42214155,"205 Federico Arcos, Coquimbo, Coquimbo, CL (-29.894, -71.261)",2025-07-29 17:31,3.0,-29.8941867,-71.2610757,True,False,True,S263673412,
wepdov1,Paloma de alas blancas,Zenaida meloda,L42214155,"205 Federico Arcos, Coquimbo, Coquimbo, CL (-29.894, -71.261)",2025-07-29 17:31,1.0,-29.8941867,-71.2610757,True,False,True,S263673412,
eardov1,Tórtola,Zenaida auriculata,L42214155,"205 Federico Arcos, Coquimbo, Coquimbo, CL (-29.894, -71.261)",2025-07-29 17:31,1.0,-29.8941867,-71.2610757,True,False,True,S263673412,
grbfir1,Picaflor chico,Sephanoides sephaniodes,L42214155,"205 Federico Arcos, Coquimbo, Coquimbo, CL (-29.894, -71.261)",2025-07-29 17:31,2.0,-29.8941867,-71.2610757,True,False,True,S263673412,
oashum1,Picaflor del norte,Rhodopis vesper,L42214155,"205 Federico Arcos, Coquimbo, Coquimbo, CL (-29.894, -71.261)",2025-07-29 17:31,4.0,-29.8941867,-71.2610757,True,False,True,S263673412,
plurai1,Pidén común,Pardirallus sanguinolentus,L42214155,"205 Federico Arcos, Coquimbo, Coquimbo, CL (-29.894, -71.261)",2025-07-29 17:31,1.0,-29.8941867,-71.2610757,True,False,True,S263673412,
refcoo1,Tagua de frente roja,Fulica rufifrons,L42214155,"205 Federico Arcos, Coquimbo, Coquimbo, CL (-29.894, -71.261)",2025-07-29 17:31,2.0,-29.8941867,-71.2610757,True,False,True,S263673412,
regcoo1,Tagua común,Fulica armillata,L42214155,"205 Federico Arcos, Coquimbo, Coquimbo, CL (-29.894, -71.261)",2025-07-29 17:31,4.0,-29.8941867,-71.2610757,True,False,True,S263673412,
dafgrt1,Dormilona tontita,Muscisaxicola maclovianus,L42214155,"205 Federico Arcos, Coquimbo, Coquimbo, CL (-29.894, -71.261)",2025-07-29 17:31,4.0,-29.8941867,-71.2610757,True,False,True,S263673412,
pattyr2,Viudita,Colorhamphus parvirostris,L42214155,"205 Federico Arcos, Coquimbo, Coquimbo, CL (-29.894, -71.261)",2025-07-29 17:31,1.0,-29.8941867,-71.2610757,True,False,True,S263673412,
shicow,Mirlo común,Molothrus bonariensis,L42214155,"205 Federico Arcos, Coquimbo, Coquimbo, CL (-29.894, -71.261)",2025-07-29 17:31,30.0,-29.8941867,-71.2610757,True,False,True,S263673412,
yewbla2,Trile,Agelasticus thilius,L42214155,"205 Federico Arcos, Coquimbo, Coquimbo, CL (-29.894, -71.261)",2025-07-29 17:31,60.0,-29.8941867,-71.2610757,True,False,True,S263673412,
spwpig3,Paloma manchada,Patagioenas maculosa,L1048923,Molinos,2025-07-29 17:15,6.0,-18.3821935,-69.9457765,True,False,False,S263671835,
crgdov1,Tortolita quiguagua,Columbina cruziana,L1048923,Molinos,2025-07-29 17:15,4.0,-18.3821935,-69.9457765,True,False,False,S263671835,
andswi1,Vencejo chico,Aeronautes andecolus,L1048923,Molinos,2025-07-29 17:15,3.0,-18.3821935,-69.9457765,True,False,False,S263671835,
hrshaw,Peuco,Parabuteo unicinctus,L1048923,Molinos,2025-07-29 17:15,1.0,-18.3821935,-69.9457765,True,False,False,S263671835,
pepowl1,Chuncho del norte,Glaucidium peruanum,L1048923,Molinos,2025-07-29 17:15,1.0,-18.3821935,-69.9457765,True,False,False,S263671835,
amekes,Cernícalo,Falco sparverius,L1048923,Molinos,2025-07-29 17:15,3.0,-18.3821935,-69.9457765,True,False,False,S263671835,
verfly,Saca-tu-real,Pyrocephalus rubinus,L1048923,Molinos,2025-07-29 17:15,3.0,-18.3821935,-69.9457765,True,False,False,S263671835,
bawswa1,Golondrina de dorso negro,Pygochelidon cyanoleuca,L1048923,Molinos,2025-07-29 17:15,7.0,-18.3821935,-69.9457765,True,False,False,S263671835,
blnswa2,Cisne de cuello negro,Cygnus melancoryphus,L36612988,"Canal Almirante Neff, Talcahuano CL-Región del Biobío",2025-07-29 17:13,5.0,-36.746783,-73.077892,True,False,True,S263691320,
cosswa1,Cisne coscoroba,Coscoroba coscoroba,L36612988,"Canal Almirante Neff, Talcahuano CL-Región del Biobío",2025-07-29 17:13,6.0,-36.746783,-73.077892,True,False,True,S263691320,
greyel,Pitotoy grande,Tringa melanoleuca,L36612988,"Canal Almirante Neff, Talcahuano CL-Región del Biobío",2025-07-29 17:13,2.0,-36.746783,-73.077892,True,False,True,S263691320,
whtgre3,Pimpollo común,Rollandia rolland,L36612988,"Canal Almirante Neff, Talcahuano CL-Región del Biobío",2025-07-29 17:13,2.0,-36.746783,-73.077892,True,False,True,S263691320,
whfibi,Cuervo de pantano común,Plegadis chihi,L36612988,"Canal Almirante Neff, Talcahuano CL-Región del Biobío",2025-07-29 17:13,30.0,-36.746783,-73.077892,True,False,True,S263691320,
categr1,Garza bueyera,Ardea ibis,L9302170,"Villa Parque Austral, Osorno, Región de los Lagos, CL (-40.586, -73.113)",2025-07-29 17:13,9.0,-40.5858874,-73.1131691,True,False,True,S263670747,
auspar1,Cachaña,Enicognathus ferrugineus,L9302170,"Villa Parque Austral, Osorno, Región de los Lagos, CL (-40.586, -73.113)",2025-07-29 17:13,21.0,-40.5858874,-73.1131691,True,False,True,S263670747,
ausneg1,Colegial austral,Lessonia rufa,L36612988,"Canal Almirante Neff, Talcahuano CL-Región del Biobío",2025-07-29 17:13,3.0,-36.746783,-73.077892,True,False,True,S263691320,
chiswa1,Golondrina chilena,Tachycineta leucopyga,L36612988,"Canal Almirante Neff, Talcahuano CL-Región del Biobío",2025-07-29 17:13,3.0,-36.746783,-73.077892,True,False,True,S263691320,
houspa,Gorrión,Passer domesticus,L9302170,"Villa Parque Austral, Osorno, Región de los Lagos, CL (-40.586, -73.113)",2025-07-29 17:13,3.0,-40.5858874,-73.1131691,True,False,True,S263670747,N
lotmea1,Loica común,Leistes loyca,L36612988,"Canal Almirante Neff, Talcahuano CL-Región del Biobío",2025-07-29 17:13,1.0,-36.746783,-73.077892,True,False,True,S263691320,
cintea,Pato colorado,Spatula cyanoptera,L15595235,Estero Zamorano--altura pastizal,2025-07-29 17:11,6.0,-34.4481193,-71.0792654,True,False,False,S263670207,
chiwig1,Pato real,Mareca sibilatrix,L15595235,Estero Zamorano--altura pastizal,2025-07-29 17:11,25.0,-34.4481193,-71.0792654,True,False,False,S263670207,
spfgal1,Tagüita común,Porphyriops melanops,L15595235,Estero Zamorano--altura pastizal,2025-07-29 17:11,3.0,-34.4481193,-71.0792654,True,False,False,S263670207,
whtkit,Bailarín,Elanus leucurus,L15595235,Estero Zamorano--altura pastizal,2025-07-29 17:11,1.0,-34.4481193,-71.0792654,True,False,False,S263670207,
buwcin1,Churrete acanelado,Cinclodes fuscus,L15595235,Estero Zamorano--altura pastizal,2025-07-29 17:11,1.0,-34.4481193,-71.0792654,True,False,False,S263670207,
moutur1,Turca,Pteroptochos megapodius,L18882371,Cerro Minillas--Bosque Sur,2025-07-29 17:09,1.0,-33.5636201,-70.5124953,True,False,False,S263665246,
fiediu1,Diucón,Pyrope pyrope,L18882371,Cerro Minillas--Bosque Sur,2025-07-29 17:09,1.0,-33.5636201,-70.5124953,True,False,False,S263665246,
chimoc1,Tenca chilena,Mimus thenca,L18882371,Cerro Minillas--Bosque Sur,2025-07-29 17:09,3.0,-33.5636201,-70.5124953,True,False,False,S263665246,
gyhsif1,Cometocino de Gay,Phrygilus gayi,L18882371,Cerro Minillas--Bosque Sur,2025-07-29 17:09,1.0,-33.5636201,-70.5124953,True,False,False,S263665246,
chipig2,Torcaza,Patagioenas araucana,L27952856,Mirador Cachuditos,2025-07-29 17:00,4.0,-38.7187586,-72.6539639,True,False,True,S263668586,
chifli1,Pitío austral,Colaptes pitius,L27952856,Mirador Cachuditos,2025-07-29 17:00,2.0,-38.7187586,-72.6539639,True,False,True,S263668586,
blcsis2,Jilguero austral,Spinus barbatus,L27952856,Mirador Cachuditos,2025-07-29 17:00,1.0,-38.7187586,-72.6539639,True,False,True,S263668586,
monpar,Cotorra,Myiopsitta monachus,L980718,Cerro Santa Lucía - Huelén,2025-07-29 16:59,3.0,-33.4404349,-70.6435999,True,False,False,S263835740,N
creduc1,Pato juarjual,Lophonetta specularioides,L17356805,Río Natales--Desembocadura,2025-07-29 16:57,8.0,-51.7220404,-72.5085318,True,False,False,S263672970,
dolgul2,Gaviota austral,Leucophaeus scoresbii,L17356805,Río Natales--Desembocadura,2025-07-29 16:57,8.0,-51.7220404,-72.5085318,True,False,False,S263672970,
impcor1,Cormorán imperial,Leucocarbo atriceps,L17356805,Río Natales--Desembocadura,2025-07-29 16:57,63.0,-51.7220404,-72.5085318,True,False,False,S263672970,
y00678,Traro,Caracara plancus,L17356805,Río Natales--Desembocadura,2025-07-29 16:57,9.0,-51.7220404,-72.5085318,True,False,False,S263672970,
perfal,Halcón peregrino,Falco peregrinus,L17356805,Río Natales--Desembocadura,2025-07-29 16:57,1.0,-51.7220404,-72.5085318,True,False,False,S263672970,
chitin1,Perdiz chilena,Nothoprocta perdicaria,L49461295,Potrero cercano a la PTAS San Clemente,2025-07-29 16:49,3.0,-35.5233019,-71.5196648,True,False,True,S263670396,
musduc,Pato criollo,Cairina moschata,L3679772,Canal Ifarle,2025-07-29 16:46,1.0,-36.7461661,-73.0837101,True,True,False,S263691022,X
mallar3,Pato de collar,Anas platyrhynchos,L3679772,Canal Ifarle,2025-07-29 16:46,3.0,-36.7461661,-73.0837101,True,True,False,S263691022,X
brhgul2,Gaviota cáhuil,Chroicocephalus maculipennis,L3679772,Canal Ifarle,2025-07-29 16:46,1.0,-36.7461661,-73.0837101,True,False,False,S263691022,
gregre1,Huala,Podiceps major,L50692188,"Acceso Playa Lago Pellaifa, Panguipulli, Los Ríos, CL (-39.599, -71.978)",2025-07-29 16:42,2.0,-39.598543,-71.9778009,True,False,True,S263661702,
pmtspi1,Tijeral común,Leptasthenura aegithaloides,L39145187,"1730 Acceso Edificio, San Pedro de la Paz, Bío Bío, CL (-36.846, -73.105)",2025-07-29 16:35,1.0,-36.8455078,-73.1051421,True,False,True,S263661761,
rebhaw2,Aguilucho común,Geranoaetus polyosoma,L5242315,COOPERATIVA LAS GAVIOTAS VALLE DE LLUTA,2025-07-29 16:30,1.0,-18.4087721,-70.1425982,True,False,True,S263659697,
sheowl,Nuco,Asio flammeus,L50762257,"Ruta V-630-1, Los Muermos",2025-07-29 16:30,1.0,-41.452549,-73.51427,True,False,True,S263961350,
permea1,Loica peruana,Leistes bellicosus,L5242315,COOPERATIVA LAS GAVIOTAS VALLE DE LLUTA,2025-07-29 16:30,2.0,-18.4087721,-70.1425982,True,False,True,S263659697,
whwcoo1,Tagua chica,Fulica leucoptera,L9748180,Laguna Lo Galindo,2025-07-29 16:26,7.0,-36.7990402,-73.041114,True,False,False,S263667959,
rutpla1,Rara,Phytotoma rara,L9748180,Laguna Lo Galindo,2025-07-29 16:26,3.0,-36.7990402,-73.041114,True,False,False,S263667959,
perpel1,Pelícano de Humboldt,Pelecanus thagus,L10997526,Playa Caleta Abarca,2025-07-29 16:13,3.0,-33.0226968,-71.5691879,True,False,False,S263688895,
cocher1,Garza cuca,Ardea cocoi,L49842972,Sector 19 Mirador de Triles RENAMU,2025-07-29 16:11,1.0,-33.5852413,-70.8903001,True,False,True,S263659158,
bcbeag1,Águila,Geranoaetus melanoleucus,L49842972,Sector 19 Mirador de Triles RENAMU,2025-07-29 16:11,1.0,-33.5852413,-70.8903001,True,False,True,S263659158,
uplgoo1,Caiquén,Chloephaga picta,L25962328,Estancia La Reina,2025-07-29 16:09,5.0,-52.7622891,-71.3562039,True,False,True,S264040389,
aplfal,Halcón perdiguero,Falco femoralis,L25962328,Estancia La Reina,2025-07-29 16:09,1.0,-52.7622891,-71.3562039,True,False,True,S264040389,
bknsti,Perrito,Himantopus mexicanus,L22214961,Humedal Urbano  Maipú de O'Higgins,2025-07-29 16:05,3.0,-36.6219898,-72.1444534,True,False,False,S263667503,
pibgre,Picurio,Podilymbus podiceps,L22214961,Humedal Urbano  Maipú de O'Higgins,2025-07-29 16:05,2.0,-36.6219898,-72.1444534,True,False,False,S263667503,
wrlrus1,Trabajador,Phleocryptes melanops,L22214961,Humedal Urbano  Maipú de O'Higgins,2025-07-29 16:05,2.0,-36.6219898,-72.1444534,True,False,False,S263667503,
pershe2,Picaflor de Cora,Thaumastura cora,L719036,Valle de Azapa--Santuario del Picaflor,2025-07-29 16:00,,-18.5318936,-70.1666683,True,False,False,S263735479,
cinhar1,Vari ceniciento,Circus cinereus,L35988573,"302 Camilo Henriquez, Freirina, Atacama, CL (-28,506, -71,092)",2025-07-29 16:00,1.0,-28.5057495,-71.0918019,True,False,True,S265876207,
cincon1,Comesebo chico,Conirostrum cinereum,L719036,Valle de Azapa--Santuario del Picaflor,2025-07-29 16:00,2.0,-18.5318936,-70.1666683,True,False,False,S263735479,
blaoys1,Pilpilén negro,Haematopus ater,L5725672,Castillo Wulff,2025-07-29 15:57,2.0,-33.0193831,-71.5649297,True,False,False,S263656872,
grygul,Gaviota garuma,Leucophaeus modestus,L5725672,Castillo Wulff,2025-07-29 15:57,36.0,-33.0193831,-71.5649297,True,False,False,S263656872,
relcor1,Lile,Poikilocarbo gaimardi,L5725672,Castillo Wulff,2025-07-29 15:57,36.0,-33.0193831,-71.5649297,True,False,False,S263656872,
guacor1,Guanay,Leucocarbo bougainvilliorum,L5725672,Castillo Wulff,2025-07-29 15:57,230.0,-33.0193831,-71.5649297,True,False,False,S263656872,
gyfcin1,Churrete chico,Cinclodes oustaleti,L5725672,Castillo Wulff,2025-07-29 15:57,1.0,-33.0193831,-71.5649297,True,False,False,S263656872,
strwoo6,Carpinterito,Dryobates lignarius,L5853199,Universidad de Concepción--Laguna Los Patos,2025-07-29 15:52,1.0,-36.8282722,-73.0360985,True,False,False,S263657859,
giahum1,Picaflor gigante,Patagona gigas,L5458420,Estancia Yerba Buena,2025-07-29 15:44,1.0,-29.5729946,-71.299682,True,False,False,S263656310,
whttap1,Tapaculo,Scelorchilus albicollis,L5458420,Estancia Yerba Buena,2025-07-29 15:44,1.0,-29.5729946,-71.299682,True,False,False,S263656310,
btsfin1,Platero,Rhopospina alaudina,L5458420,Estancia Yerba Buena,2025-07-29 15:44,6.0,-29.5729946,-71.299682,True,False,False,S263656310,
pasfin1,Cometocino patagónico,Phrygilus patagonicus,L11282604,Hotel Lago Grey - Torres del Paine,2025-07-29 15:14,2.0,-51.1239296,-73.1256331,True,False,False,S264563428,
soater1,Gaviotín sudamericano,Sterna hirundinacea,L571146,Ferry Punta Arenas-Porvenir (Pelágico),2025-07-29 14:37,1.0,-53.233989,-70.6777954,True,False,False,S263828028,
magpen1,Pingüino de Magallanes,Spheniscus magellanicus,L571146,Ferry Punta Arenas-Porvenir (Pelágico),2025-07-29 14:37,10.0,-53.233989,-70.6777954,True,False,False,S263828028,
bkbalb,Albatros de ceja negra,Thalassarche melanophris,L571146,Ferry Punta Arenas-Porvenir (Pelágico),2025-07-29 14:37,4.0,-53.233989,-70.6777954,True,False,False,S263828028,
angpet1,Petrel gigante antártico,Macronectes giganteus,L571146,Ferry Punta Arenas-Porvenir (Pelágico),2025-07-29 14:37,4.0,-53.233989,-70.6777954,True,False,False,S263828028,
souful1,Petrel plateado austral,Fulmarus glacialoides,L571146,Ferry Punta Arenas-Porvenir (Pelágico),2025-07-29 14:37,20.0,-53.233989,-70.6777954,True,False,False,S263828028,
madpet1,Yunco de Magallanes,Pelecanoides magellani,L571146,Ferry Punta Arenas-Porvenir (Pelágico),2025-07-29 14:37,3.0,-53.233989,-70.6777954,True,False,False,S263828028,
brcfly3,Cazamoscas de pico chato,Myiophobus rufescens,L719036,Valle de Azapa--Santuario del Picaflor,2025-07-29 14:22,1.0,-18.5318936,-70.1666683,True,False,False,S263648047,
slbfin3,Pizarrita,Xenospingus concolor,L719036,Valle de Azapa--Santuario del Picaflor,2025-07-29 14:22,7.0,-18.5318936,-70.1666683,True,False,False,S263648047,
codfin1,Diuca común,Diuca diuca,L50688027,Rojan (Las Estrellas),2025-07-29 14:16,2.0,-33.4930116,-70.5251313,True,False,True,S263646414,
twbplo1,Chorlo de doble collar,Anarhynchus falklandicus,L993515,Río Huenchullami--Desembocadura,2025-07-29 14:10,1.0,-35.1189257,-72.2085857,True,False,False,S263828892,
truter,Gaviotín piquerito,Sterna trudeaui,L993515,Río Huenchullami--Desembocadura,2025-07-29 14:10,156.0,-35.1189257,-72.2085857,True,True,False,S263828892,
mcrtyr1,Siete colores,Tachuris rubrigastra,L10888039,La Cachina,2025-07-29 14:03,4.0,-28.4505212,-71.1961591,True,False,True,S263648796,
libher,Garza azul,Egretta caerulea,L505082,Huasco Bajo - puente,2025-07-29 13:44,1.0,-28.4709171,-71.1776733,True,False,False,S263633527,
snoplo5,Chorlo nevado,Anarhynchus nivosus,L31316528,Playa,2025-07-29 13:43,17.0,-28.45577,-71.20912,True,False,True,S263868317,
speduc2,Pato anteojillo,Speculanas specularis,L1033501,PN Torres del Paine--Río Grey,2025-07-29 13:36,7.0,-51.1860895,-73.0160719,True,False,False,S264563569,
magoys1,Pilpilén austral,Haematopus leucopodus,L52250726,Puerto Williams. Ukika,2025-07-29 13:30,2.0,-54.9330959,-67.5921496,True,False,True,S270655358,
semplo,Chorlo semipalmado,Charadrius semipalmatus,L571538,Hoteles Arica y Apacheta,2025-07-29 13:30,1.0,-18.4907641,-70.3291285,True,False,False,S263737531,
willet1,Playero grande,Tringa semipalmata,L571538,Hoteles Arica y Apacheta,2025-07-29 13:30,30.0,-18.4907641,-70.3291285,True,False,False,S263737531,
rudtur,Playero vuelvepiedras,Arenaria interpres,L571538,Hoteles Arica y Apacheta,2025-07-29 13:30,50.0,-18.4907641,-70.3291285,True,False,False,S263737531,
surfbi,Playero de las rompientes,Calidris virgata,L571538,Hoteles Arica y Apacheta,2025-07-29 13:30,6.0,-18.4907641,-70.3291285,True,False,False,S263737531,
baisan,Playero de Baird,Calidris bairdii,L516540,Río Huasco--Desembocadura,2025-07-29 13:30,1.0,-28.4481664,-71.2002039,True,False,False,S263862355,
andgul1,Gaviota andina,Chroicocephalus serranus,L571538,Hoteles Arica y Apacheta,2025-07-29 13:30,,-18.4907641,-70.3291285,True,False,False,S263737531,
belgul,Gaviota peruana,Larus belcheri,L571538,Hoteles Arica y Apacheta,2025-07-29 13:30,,-18.4907641,-70.3291285,True,False,False,S263737531,
whcpin,Pato gargantillo,Anas bahamensis,L22420601,Complejo Humedal Rocuant-Andalién--Aeropuerto,2025-07-29 13:26,12.0,-36.7522689,-73.0652064,True,False,False,S263635983,
soasni3,Becacina común,Gallinago magellanica,L22420601,Complejo Humedal Rocuant-Andalién--Aeropuerto,2025-07-29 13:26,8.0,-36.7522689,-73.0652064,True,False,False,S263635983,
sedwre,Chercán de las vegas,Cistothorus platensis,L22420601,Complejo Humedal Rocuant-Andalién--Aeropuerto,2025-07-29 13:26,1.0,-36.7522689,-73.0652064,True,False,False,S263635983,
blkski,Rayador,Rynchops niger,L50709610,"Costanera Sur, Arica CL-Arica y Parinacota Region (-18.5259,-70.3213)",2025-07-29 13:15,,-18.525888,-70.321269,True,False,True,S263737003,
kelgoo1,Caranca,Chloephaga hybrida,L22344367,"Bahia Yendegaia, Chile",2025-07-29 12:50,4.0,-54.865996,-68.690936,True,False,True,S263668531,
flistd1,Quetru no volador,Tachyeres pteneres,L22344367,"Bahia Yendegaia, Chile",2025-07-29 12:50,1.0,-54.865996,-68.690936,True,False,True,S263668531,
whtcar1,Carancho de garganta blanca,Daptrius albogularis,L22344367,"Bahia Yendegaia, Chile",2025-07-29 12:50,1.0,-54.865996,-68.690936,True,False,True,S263668531,
thtray1,Rayadito,Aphrastura spinicauda,L22344367,"Bahia Yendegaia, Chile",2025-07-29 12:50,2.0,-54.865996,-68.690936,True,False,True,S263668531,
ashgoo1,Canquén común,Chloephaga poliocephala,L7988120,"Leñadura, Nuestra casa",2025-07-29 12:35,3.0,-53.2145727,-70.9476647,True,False,True,S263765852,
whcela1,Fío-fío,Elaenia albiceps,L25444525,"Teniente Luis Cruz Martínez, San Antonio, Valparaíso, CL (-33.642, -71.626)",2025-07-29 12:35,1.0,-33.6417934,-71.6263924,True,True,True,S263628392,
andcon1,Cóndor,Vultur gryphus,L4791985,Alto del Naranjo,2025-07-29 12:31,2.0,-33.393756,-70.4519105,True,False,False,S263871163,
rubmin1,Minero cordillerano,Geositta rufipennis,L4791985,Alto del Naranjo,2025-07-29 12:31,4.0,-33.393756,-70.4519105,True,False,False,S263871163,
crachi1,Chiricoca,Ochetorhynchus melanurus,L4791985,Alto del Naranjo,2025-07-29 12:31,5.0,-33.393756,-70.4519105,True,False,False,S263871163,
chifla1,Flamenco chileno,Phoenicopterus chilensis,L10649435,PN Torres del Paine--Sector Hotel del Paine,2025-07-29 12:28,2.0,-51.2344592,-72.9731343,True,False,False,S264707513,
magwoo1,Carpintero negro,Campephilus magellanicus,L10649435,PN Torres del Paine--Sector Hotel del Paine,2025-07-29 12:28,2.0,-51.2344592,-72.9731343,True,False,False,S264707513,
chtsee1,Corbatita del norte,Sporophila telasco,L10958478,"MUSEO SAN MIGUEL DE AZAPA, KM. 12",2025-07-29 12:27,3.0,-18.5164774,-70.1811603,True,False,True,S263821939,
lesrhe2,Suri/Ñandú,Rhea pennata,L50695412,"Ruta 9, Primavera, Magallanes y la Antártica Chilena, CL (-52,075, -71,38)",2025-07-29 12:12,1.0,-52.074525,-71.3800918,True,False,True,S263674731,
bawnig1,Gallina ciega común,Systellura longirostris,L4642543,Laguna El Pillo,2025-07-29 12:00,1.0,-37.2728533,-72.6740214,True,False,False,S263915244,
incter1,Gaviotín monja,Larosterna inca,L572344,Río Aconcagua--Desembocadura Humedal Urbano,2025-07-29 12:00,7.0,-32.917422,-71.5067911,True,False,False,S263661364,
siltea1,Pato capuchino,Spatula versicolor,L516540,Río Huasco--Desembocadura,2025-07-29 11:46,2.0,-28.4481664,-71.2002039,True,False,False,S263861938,
gybsee1,Perdicita cojón,Thinocorus orbignyianus,L516540,Río Huasco--Desembocadura,2025-07-29 11:46,1.0,-28.4481664,-71.2002039,True,False,False,S263861938,
ocftap1,Churrín de la Mocha,Eugralla paradoxa,L50642821,"2000 Carlos Acharan Arce, Futrono, Los Ríos, CL (-40,132, -72,392)",2025-07-29 11:43,1.0,-40.1324617,-72.3919867,True,False,True,S263610939,
andgoo1,Piuquén,Oressochen melanopterus,L50688025,"1394751, Calama CL-Región de Antofagasta -22.37422, -68.03057",2025-07-29 11:31,2.0,-22.374217,-68.030573,True,False,True,S263646417,
puntea1,Pato puna,Spatula puna,L50688025,"1394751, Calama CL-Región de Antofagasta -22.37422, -68.03057",2025-07-29 11:31,11.0,-22.374217,-68.030573,True,False,True,S263646417,
andavo1,Caití,Recurvirostra andina,L50688025,"1394751, Calama CL-Región de Antofagasta -22.37422, -68.03057",2025-07-29 11:31,2.0,-22.374217,-68.030573,True,False,True,S263646417,
punplo1,Chorlo de la puna,Anarhynchus alticola,L50688025,"1394751, Calama CL-Región de Antofagasta -22.37422, -68.03057",2025-07-29 11:31,2.0,-22.374217,-68.030573,True,False,True,S263646417,
andfla2,Parina grande,Phoenicoparrus andinus,L50688025,"1394751, Calama CL-Región de Antofagasta -22.37422, -68.03057",2025-07-29 11:31,7.0,-22.374217,-68.030573,True,False,True,S263646417,
crwcin1,Churrete de alas cremas,Cinclodes albiventris,L50688025,"1394751, Calama CL-Región de Antofagasta -22.37422, -68.03057",2025-07-29 11:31,2.0,-22.374217,-68.030573,True,False,True,S263646417,
rbsfin1,Cometocino de dorso castaño,Idiopsar dorsalis,L50688025,"1394751, Calama CL-Región de Antofagasta -22.37422, -68.03057",2025-07-29 11:31,2.0,-22.374217,-68.030573,True,False,True,S263646417,
seacin1,Churrete costero,Cinclodes nigrofumosus,L4858445,Cuevas de Anzota,2025-07-29 11:30,4.0,-18.5479645,-70.3306796,True,False,False,S263736671,
dutcan1,Canastero chileno,Pseudasthenes humicola,L39590731,Alto de Lo Planella,2025-07-29 11:21,1.0,-33.5469717,-70.5153883,True,False,False,S263793539,
whttre2,Comesebo grande,Pygarrhichas albogularis,L12412615,Parquemet--Cerro San Cristóbal--Sendero Metropolitano,2025-07-29 11:17,1.0,-33.4189224,-70.6216504,True,False,False,S263658087,
mosfin1,Yal común,Rhopospina fruticeti,L570658,SN Laguna Batuco,2025-07-29 11:15,4.0,-33.2064427,-70.8279133,True,False,False,S263644448,
lakduc1,Pato rana de pico delgado,Oxyura vittata,L516540,Río Huasco--Desembocadura,2025-07-29 10:43,2.0,-28.4481664,-71.2002039,True,False,False,S263861770,
chisku1,Salteador chileno,Stercorarius chilensis,L516540,Río Huasco--Desembocadura,2025-07-29 10:43,1.0,-28.4481664,-71.2002039,True,False,False,S263861770,
sctear1,Bandurrilla común,Upucerthia dumetaria,L516540,Río Huasco--Desembocadura,2025-07-29 10:43,1.0,-28.4481664,-71.2002039,True,False,False,S263861770,
bkbsht1,Mero gaucho,Agriornis montanus,L516540,Río Huasco--Desembocadura,2025-07-29 10:43,1.0,-28.4481664,-71.2002039,True,False,False,S263861770,
magcor1,Cormorán de las rocas,Leucocarbo magellanicus,L52269747,"Puerto Williams, Costanera hasta Puente Guanaco.",2025-07-29 10:30,3.0,-54.9293652,-67.5661677,True,False,True,S270654719,
wispet,Golondrina de mar de Wilson/fueguina,Oceanites oceanicus,L28210929,Transbordador Lota-Isla Santa María,2025-07-29 10:24,18.0,-37.057339,-73.3150617,True,False,False,S263627845,
sooshe,Fardela negra,Ardenna grisea,L28210929,Transbordador Lota-Isla Santa María,2025-07-29 10:24,32.0,-37.057339,-73.3150617,True,False,False,S263627845,
humpen1,Pingüino de Humboldt,Spheniscus humboldti,L28210929,Transbordador Lota-Isla Santa María,2025-07-29 10:13,9.0,-37.057339,-73.3150617,True,False,False,S264190487,
redsho1,Pato cuchara,Spatula platalea,L4606505,Humedal Córdova,2025-07-29 10:07,2.0,-33.4453317,-71.6785508,True,False,False,S263604408,
bichaw4,Peuquito,Astur chilensis,L50940141,"Ruta Y-290, Natales CL-Magallanes and Antartica Chilena Region -51.48875, -72.71788",2025-07-29 10:02,1.0,-51.488745,-72.71788,True,False,True,S264715362,
commin1,Minero común,Geositta cunicularia,L516540,Río Huasco--Desembocadura,2025-07-29 09:54,1.0,-28.4481664,-71.2002039,True,False,False,S263860786,
gresht1,Mero grande,Agriornis lividus,L6333296,Cerro Renca,2025-07-29 09:49,1.0,-33.3921148,-70.7119936,True,False,False,S263653639,
chithr1,Zorzal negro,Turdus chiguanco,L516577,San Pedro de Atacama,2025-07-29 09:40,2.0,-22.9084359,-68.2027817,True,False,False,S263593298,
sbgtyr1,Dormilona chica,Muscisaxicola maculirostris,L570513,Chaca,2025-07-29 09:23,2.0,-18.8098946,-70.1537347,True,False,False,S263617273,
magtap1,Churrín del sur,Scytalopus magellanicus,L14813136,"Parcela Mallín, Punucapa, Los Ríos, CL (-39.751, -73.272)",2025-07-29 09:20,2.0,-39.7512897,-73.2715836,True,False,True,S263582931,
norgip1,Petrel gigante subantártico,Macronectes halli,L6724067,Mall Plaza Antofagasta,2025-07-29 09:15,1.0,-23.6450647,-70.4029977,True,False,False,S263590144,
mdxmal1,Pato criollo x Pato de collar (híbrido),Cairina moschata x Anas platyrhynchos,L504548,Estero Mantagua,2025-07-29 08:58,2.0,-32.8844165,-71.5067482,True,True,False,S263626661,X
cthhue1,Hued-hued castaño,Pteroptochos castaneus,L857131,PN Radal Siete Tazas,2025-07-29 08:48,3.0,-35.4517209,-71.0362673,True,False,False,S263668671,
sander,Playero blanco,Calidris alba,L20871990,Playa Grande,2025-07-29 08:06,9.0,-28.4614987,-71.2147596,True,False,True,S263576120,
sttspi1,Tijeral listado,Leptasthenura striata,L570508,Putre,2025-07-30 20:46,1.0,-18.1964537,-69.5565677,True,False,False,S271013212,
mosfin1,Yal común,Rhopospina fruticeti,L570508,Putre,2025-07-30 20:46,1.0,-18.1964537,-69.5565677,True,False,False,S271013212,
gryfin3,Chirihue verdoso,Sicalis olivascens,L570508,Putre,2025-07-30 20:46,1.0,-18.1964537,-69.5565677,True,False,False,S271013212,
grygul,Gaviota garuma,Leucophaeus modestus,L36011661,"Arica, Arica y Parinacota, CL (-18.666, -70.21)",2025-07-30 20:23,3.0,-18.6655039,-70.2103765,True,False,True,S269498325,
brnowl,Lechuza,Tyto furcata,L50772387,Complejo Socioecológico Len Len - Lo de Don Armando,2025-07-30 19:00,1.0,-36.2657377,-71.3138414,True,False,True,S264009359,
rulowl1,Concón,Strix rufipes,L50772387,Complejo Socioecológico Len Len - Lo de Don Armando,2025-07-30 19:00,2.0,-36.2657377,-71.3138414,True,False,True,S264009359,
aupowl1,Chuncho austral,Glaucidium nana,L16159760,"451 González, San Vicente de Taguatagua, O'Higgins, CL (-34.441, -71.079) Exequiel González, Altura Liceo Y Centros Médicos.",2025-07-30 18:34,1.0,-34.4408672,-71.0794019,True,False,True,S263879685,
cosswa1,Cisne coscoroba,Coscoroba coscoroba,L50743701,Trumao,2025-07-30 18:28,2.0,-40.359232,-73.172581,True,False,True,S263879963,
cintea,Pato colorado,Spatula cyanoptera,L50743701,Trumao,2025-07-30 18:28,10.0,-40.359232,-73.172581,True,False,True,S263879963,
yebpin1,Pato jergón grande,Anas georgica,L50743701,Trumao,2025-07-30 18:28,4.0,-40.359232,-73.172581,True,False,True,S263879963,
regcoo1,Tagua común,Fulica armillata,L50743701,Trumao,2025-07-30 18:28,4.0,-40.359232,-73.172581,True,False,True,S263879963,
soulap1,Queltehue común,Vanellus chilensis,L50743701,Trumao,2025-07-30 18:28,6.0,-40.359232,-73.172581,True,False,True,S263879963,
brhgul2,Gaviota cáhuil,Chroicocephalus maculipennis,L50743701,Trumao,2025-07-30 18:28,100.0,-40.359232,-73.172581,True,False,True,S263879963,
categr1,Garza bueyera,Ardea ibis,L50743701,Trumao,2025-07-30 18:28,20.0,-40.359232,-73.172581,True,False,True,S263879963,
greegr,Garza grande,Ardea alba,L50743701,Trumao,2025-07-30 18:28,4.0,-40.359232,-73.172581,True,False,True,S263879963,
lotmea1,Loica común,Leistes loyca,L50743701,Trumao,2025-07-30 18:28,2.0,-40.359232,-73.172581,True,False,True,S263879963,
austhr1,Zorzal patagónico,Turdus falcklandii,L4025581,Universidad de Concepción,2025-07-30 18:26,1.0,-36.8278022,-73.0380106,True,False,False,S263903581,
bkfibi1,Bandurria común,Theristicus melanopis,L3939991,Universidad Austral de Chile,2025-07-30 18:25,2.0,-39.808327,-73.2525909,True,False,False,S264034598,
bcnher,Huairavo común,Nycticorax nycticorax,L3939991,Universidad Austral de Chile,2025-07-30 18:25,2.0,-39.808327,-73.2525909,True,False,False,S264034598,
calqua,Codorniz,Callipepla californica,L14460163,Cerro Teniente Serrano,2025-07-30 18:17,1.0,-33.07648,-71.412974,True,False,False,S263900126,N
blkvul,Jote de cabeza negra,Coragyps atratus,L14460163,Cerro Teniente Serrano,2025-07-30 18:17,6.0,-33.07648,-71.412974,True,False,False,S263900126,
thtray1,Rayadito,Aphrastura spinicauda,L14460163,Cerro Teniente Serrano,2025-07-30 18:17,2.0,-33.07648,-71.412974,True,False,False,S263900126,
rucspa1,Chincol,Zonotrichia capensis,L14460163,Cerro Teniente Serrano,2025-07-30 18:17,2.0,-33.07648,-71.412974,True,False,False,S263900126,
plurai1,Pidén común,Pardirallus sanguinolentus,L8189783,Laguna Las Tres Pascualas,2025-07-30 18:08,1.0,-36.8139118,-73.0457219,True,False,False,S263876281,
kelgul,Gaviota dominicana,Larus dominicanus,L8189783,Laguna Las Tres Pascualas,2025-07-30 18:08,3.0,-36.8139118,-73.0457219,True,False,False,S263876281,
rocpig,Paloma doméstica,Columba livia,L27952856,Mirador Cachuditos,2025-07-30 18:03,3.0,-38.7187586,-72.6539639,True,False,True,S263875296,N
chicar1,Tiuque,Daptrius chimango,L27952856,Mirador Cachuditos,2025-07-30 18:03,4.0,-38.7187586,-72.6539639,True,False,True,S263875296,
blcsis2,Jilguero austral,Spinus barbatus,L27952856,Mirador Cachuditos,2025-07-30 18:03,6.0,-38.7187586,-72.6539639,True,False,True,S263875296,
shicow,Mirlo común,Molothrus bonariensis,L27952856,Mirador Cachuditos,2025-07-30 18:03,,-38.7187586,-72.6539639,True,False,True,S263875296,
sheowl,Nuco,Asio flammeus,L50762400,"Ruta V-630-3, Los Muermos",2025-07-30 18:00,1.0,-41.451041,-73.49943,True,False,True,S263962075,
chitin1,Perdiz chilena,Nothoprocta perdicaria,L50652214,"Parque Nacional Rapa Nui, Isla de Pascua CL-Región de Valparaíso -27.16290, -109.44254",2025-07-30 17:55,2.0,-27.1629,-109.442542,True,False,True,S263910546,N
grynod1,Gaviotín de San Ambrosio,Anous albivitta,L50652214,"Parque Nacional Rapa Nui, Isla de Pascua CL-Región de Valparaíso -27.16290, -109.44254",2025-07-30 17:55,1.0,-27.1629,-109.442542,True,False,True,S263910546,
grefri,Ave fragata grande,Fregata minor,L50652214,"Parque Nacional Rapa Nui, Isla de Pascua CL-Región de Valparaíso -27.16290, -109.44254",2025-07-30 17:55,1.0,-27.1629,-109.442542,True,False,True,S263910546,
masboo,Piquero blanco,Sula dactylatra,L50652214,"Parque Nacional Rapa Nui, Isla de Pascua CL-Región de Valparaíso -27.16290, -109.44254",2025-07-30 17:55,4.0,-27.1629,-109.442542,True,False,True,S263910546,
houspa,Gorrión,Passer domesticus,L50652214,"Parque Nacional Rapa Nui, Isla de Pascua CL-Región de Valparaíso -27.16290, -109.44254",2025-07-30 17:55,10.0,-27.1629,-109.442542,True,False,True,S263910546,N
codfin1,Diuca común,Diuca diuca,L50652214,"Parque Nacional Rapa Nui, Isla de Pascua CL-Región de Valparaíso -27.16290, -109.44254",2025-07-30 17:55,15.0,-27.1629,-109.442542,True,False,True,S263910546,N
bfgdov1,Tortolita boliviana,Metriopelia ceciliae,L1048929,Putre--Ruta vieja,2025-07-30 17:46,3.0,-18.1903586,-69.5446372,True,False,False,S263879252,
bwgdov1,Tortolita cordillerana,Metriopelia melanoptera,L1048929,Putre--Ruta vieja,2025-07-30 17:46,4.0,-18.1903586,-69.5446372,True,False,False,S263879252,
grbfir1,Picaflor chico,Sephanoides sephaniodes,L8208788,Humedal Urbano Río Grande--Embalse La Paloma sector alto,2025-07-30 17:46,2.0,-30.7043313,-70.9755481,True,False,False,S263877560,
burowl,Pequén,Athene cunicularia,L8208788,Humedal Urbano Río Grande--Embalse La Paloma sector alto,2025-07-30 17:46,2.0,-30.7043313,-70.9755481,True,False,False,S263877560,
burpar,Tricahue,Cyanoliseus patagonus,L8208788,Humedal Urbano Río Grande--Embalse La Paloma sector alto,2025-07-30 17:46,60.0,-30.7043313,-70.9755481,True,False,False,S263877560,
crwcin1,Churrete de alas cremas,Cinclodes albiventris,L1048929,Putre--Ruta vieja,2025-07-30 17:46,4.0,-18.1903586,-69.5446372,True,False,False,S263879252,
pmtspi1,Tijeral común,Leptasthenura aegithaloides,L8208788,Humedal Urbano Río Grande--Embalse La Paloma sector alto,2025-07-30 17:46,1.0,-30.7043313,-70.9755481,True,False,False,S263877560,
crbcan1,Canastero del norte,Asthenes dorbignyi,L1048929,Putre--Ruta vieja,2025-07-30 17:46,5.0,-18.1903586,-69.5446372,True,False,False,S263879252,
mcrtyr1,Siete colores,Tachuris rubrigastra,L50742990,"Auto selected -39.81679, -73.26379 Hotel Puerta del Sur",2025-07-30 17:46,3.0,-39.816787,-73.263786,True,False,True,S263876846,
ybttyr1,Cachudito del norte,Anairetes flavirostris,L1048929,Putre--Ruta vieja,2025-07-30 17:46,1.0,-18.1903586,-69.5446372,True,False,False,S263879252,
fiediu1,Diucón,Pyrope pyrope,L8208788,Humedal Urbano Río Grande--Embalse La Paloma sector alto,2025-07-30 17:46,1.0,-30.7043313,-70.9755481,True,False,False,S263877560,
chiswa1,Golondrina chilena,Tachycineta leucopyga,L8208788,Humedal Urbano Río Grande--Embalse La Paloma sector alto,2025-07-30 17:46,3.0,-30.7043313,-70.9755481,True,False,False,S263877560,
houwre4,Chercán común,Troglodytes musculus,L8208788,Humedal Urbano Río Grande--Embalse La Paloma sector alto,2025-07-30 17:46,1.0,-30.7043313,-70.9755481,True,False,False,S263877560,
chimoc1,Tenca chilena,Mimus thenca,L8208788,Humedal Urbano Río Grande--Embalse La Paloma sector alto,2025-07-30 17:46,5.0,-30.7043313,-70.9755481,True,False,False,S263877560,
hoosis1,Jilguero peruano,Spinus magellanicus,L1048929,Putre--Ruta vieja,2025-07-30 17:46,18.0,-18.1903586,-69.5446372,True,False,False,S263879252,
yewbla2,Trile,Agelasticus thilius,L50742990,"Auto selected -39.81679, -73.26379 Hotel Puerta del Sur",2025-07-30 17:46,25.0,-39.816787,-73.263786,True,False,True,S263876846,
absfin1,Plebeyo,Geospizopsis plebejus,L1048929,Putre--Ruta vieja,2025-07-30 17:46,8.0,-18.1903586,-69.5446372,True,False,False,S263879252,
batsee1,Semillero,Catamenia analis,L1048929,Putre--Ruta vieja,2025-07-30 17:46,27.0,-18.1903586,-69.5446372,True,True,False,S263879252,
eardov1,Tórtola,Zenaida auriculata,L40956769,"Carmen Covarrubias, Ñuñoa",2025-07-30 17:42,1.0,-33.458764,-70.6117695,True,False,True,S263911087,
blnswa2,Cisne de cuello negro,Cygnus melancoryphus,L629586,SN Humedal Los Batros y Laguna Grande--Laguna Grande San Pedro,2025-07-30 17:37,9.0,-36.8502303,-73.1083488,True,False,False,S263872125,
gregre1,Huala,Podiceps major,L629586,SN Humedal Los Batros y Laguna Grande--Laguna Grande San Pedro,2025-07-30 17:37,1.0,-36.8502303,-73.1083488,True,False,False,S263872125,
whtkit,Bailarín,Elanus leucurus,L629586,SN Humedal Los Batros y Laguna Grande--Laguna Grande San Pedro,2025-07-30 17:37,1.0,-36.8502303,-73.1083488,True,False,False,S263872125,
dafgrt1,Dormilona tontita,Muscisaxicola maclovianus,L30147711,"Parque Alerce Andino 2032–2044, Osorno CL-Región de Los Lagos (-40.5608,-73.1758)",2025-07-30 17:14,10.0,-40.560751,-73.175816,True,False,True,S263870065,
magpen1,Pingüino de Magallanes,Spheniscus magellanicus,L9854827,Chaitén--Embarcadero,2025-07-30 17:12,2.0,-42.9108539,-72.7190371,True,False,False,S265413302,
relcor1,Lile,Poikilocarbo gaimardi,L9854827,Chaitén--Embarcadero,2025-07-30 17:12,3.0,-42.9108539,-72.7190371,True,False,False,S265413302,
impcor1,Cormorán imperial,Leucocarbo atriceps,L9854827,Chaitén--Embarcadero,2025-07-30 17:12,1.0,-42.9108539,-72.7190371,True,False,False,S265413302,
perpel1,Pelícano de Humboldt,Pelecanus thagus,L9854827,Chaitén--Embarcadero,2025-07-30 17:12,2.0,-42.9108539,-72.7190371,True,False,False,S265413302,
pasfin1,Cometocino patagónico,Phrygilus patagonicus,L9854827,Chaitén--Embarcadero,2025-07-30 17:12,2.0,-42.9108539,-72.7190371,True,False,False,S265413302,
hrshaw,Peuco,Parabuteo unicinctus,L14859610,Estero Margarita--Poza Azul,2025-07-30 17:06,1.0,-33.088616,-71.413212,True,False,False,S263900013,
strwoo6,Carpinterito,Dryobates lignarius,L14859610,Estero Margarita--Poza Azul,2025-07-30 17:06,2.0,-33.088616,-71.413212,True,False,False,S263900013,
chifli1,Pitío austral,Colaptes pitius,L14859610,Estero Margarita--Poza Azul,2025-07-30 17:06,1.0,-33.088616,-71.413212,True,False,False,S263900013,
amekes,Cernícalo,Falco sparverius,L14859610,Estero Margarita--Poza Azul,2025-07-30 17:06,1.0,-33.088616,-71.413212,True,False,False,S263900013,
moutur1,Turca,Pteroptochos megapodius,L14859610,Estero Margarita--Poza Azul,2025-07-30 17:06,2.0,-33.088616,-71.413212,True,False,False,S263900013,
dutcan1,Canastero chileno,Pseudasthenes humicola,L14859610,Estero Margarita--Poza Azul,2025-07-30 17:06,2.0,-33.088616,-71.413212,True,False,False,S263900013,
tuttyr1,Cachudito común,Anairetes parulus,L14859610,Estero Margarita--Poza Azul,2025-07-30 17:06,3.0,-33.088616,-71.413212,True,False,False,S263900013,
pattyr2,Viudita,Colorhamphus parvirostris,L14859610,Estero Margarita--Poza Azul,2025-07-30 17:06,2.0,-33.088616,-71.413212,True,False,False,S263900013,
ausbla1,Tordo,Curaeus curaeus,L14859610,Estero Margarita--Poza Azul,2025-07-30 17:06,8.0,-33.088616,-71.413212,True,False,False,S263900013,
punplo1,Chorlo de la puna,Anarhynchus alticola,L919476,Laguna Cejar,2025-07-30 17:04,1.0,-23.0545014,-68.216815,True,False,False,S263903255,
andgul1,Gaviota andina,Chroicocephalus serranus,L919476,Laguna Cejar,2025-07-30 17:04,1.0,-23.0545014,-68.216815,True,False,False,S263903255,
chifla1,Flamenco chileno,Phoenicopterus chilensis,L919476,Laguna Cejar,2025-07-30 17:04,20.0,-23.0545014,-68.216815,True,False,False,S263903255,
silgre1,Blanquillo,Podiceps occipitalis,L919476,Laguna Cejar,2025-07-30 17:04,3.0,-23.0545014,-68.216815,True,False,False,S263903255,
gybsht1,Mero de Tarapacá,Agriornis micropterus,L919476,Laguna Cejar,2025-07-30 17:04,1.0,-23.0545014,-68.216815,True,False,False,S263903255,
wepdov1,Paloma de alas blancas,Zenaida meloda,L50746486,Aguada Las Cañas,2025-07-30 17:02,2.0,-28.840925,-70.7015117,True,False,True,S263892852,
gyhsif1,Cometocino de Gay,Phrygilus gayi,L50746486,Aguada Las Cañas,2025-07-30 17:02,10.0,-28.840925,-70.7015117,True,False,True,S263892852,
btsfin1,Platero,Rhopospina alaudina,L50746486,Aguada Las Cañas,2025-07-30 17:02,10.0,-28.840925,-70.7015117,True,False,True,S263892852,
chipig2,Torcaza,Patagioenas araucana,L50772387,Complejo Socioecológico Len Len - Lo de Don Armando,2025-07-30 17:00,30.0,-36.2657377,-71.3138414,True,False,True,S264009100,
cthhue1,Hued-hued castaño,Pteroptochos castaneus,L50772387,Complejo Socioecológico Len Len - Lo de Don Armando,2025-07-30 17:00,2.0,-36.2657377,-71.3138414,True,False,True,S264009100,
ocftap1,Churrín de la Mocha,Eugralla paradoxa,L50772387,Complejo Socioecológico Len Len - Lo de Don Armando,2025-07-30 17:00,3.0,-36.2657377,-71.3138414,True,False,True,S264009100,
demwir1,Colilarga,Sylviorthorhynchus desmursii,L50772387,Complejo Socioecológico Len Len - Lo de Don Armando,2025-07-30 17:00,1.0,-36.2657377,-71.3138414,True,False,True,S264009100,
flystd1,Quetru volador,Tachyeres patachonicus,L774593,Lago Huillinco,2025-07-30 16:42,2.0,-42.6674167,-73.9445114,True,True,False,S264008289,
yebtea1,Pato jergón chico,Anas flavirostris,L774593,Lago Huillinco,2025-07-30 16:42,1.0,-42.6674167,-73.9445114,True,False,False,S264008289,
neocor,Yeco,Nannopterum brasilianum,L774593,Lago Huillinco,2025-07-30 16:42,1.0,-42.6674167,-73.9445114,True,False,False,S264008289,
auspar1,Cachaña,Enicognathus ferrugineus,L774593,Lago Huillinco,2025-07-30 16:42,34.0,-42.6674167,-73.9445114,True,False,False,S264008289,
pigdov1,Tortolita cuyana,Columbina picui,L11824335,Calle Esmeralda,2025-07-30 16:41,5.0,-33.5130871,-70.644087,True,False,True,S263870720,
monpar,Cotorra,Myiopsitta monachus,L11824335,Calle Esmeralda,2025-07-30 16:41,3.0,-33.5130871,-70.644087,True,False,True,S263870720,N
y00678,Traro,Caracara plancus,L9302170,"Villa Parque Austral, Osorno, Región de los Lagos, CL (-40.586, -73.113)",2025-07-30 16:35,1.0,-40.5858874,-73.1131691,True,False,True,S263906945,
dabcin1,Churrete patagónico,Cinclodes patagonicus,L9302170,"Villa Parque Austral, Osorno, Región de los Lagos, CL (-40.586, -73.113)",2025-07-30 16:35,1.0,-40.5858874,-73.1131691,True,False,True,S263906945,
scrcow1,Mirlo de pico corto,Molothrus rufoaxillaris,L704452,Parque Quinta Normal,2025-07-30 16:35,2.0,-33.441605,-70.6845888,True,True,False,S263916200,
bawnig1,Gallina ciega común,Systellura longirostris,L6333296,Cerro Renca,2025-07-30 16:27,3.0,-33.3921148,-70.7119936,True,False,False,S264899742,
rebhaw2,Aguilucho común,Geranoaetus polyosoma,L6333296,Cerro Renca,2025-07-30 16:27,1.0,-33.3921148,-70.7119936,True,False,False,S264899742,
spwpig3,Paloma manchada,Patagioenas maculosa,L40436508,Socoroma Quebrada Qapaq Ñam,2025-07-30 16:21,5.0,-18.2632696,-69.5998428,True,False,True,S263879363,
moupar2,Perico cordillerano,Psilopsiagon aurifrons,L40436508,Socoroma Quebrada Qapaq Ñam,2025-07-30 16:21,7.0,-18.2632696,-69.5998428,True,False,True,S263879363,
wbctyr1,Pitajo gris,Ochthoeca leucophrys,L40436508,Socoroma Quebrada Qapaq Ñam,2025-07-30 16:21,4.0,-18.2632696,-69.5998428,True,False,True,S263879363,
chithr1,Zorzal negro,Turdus chiguanco,L40436508,Socoroma Quebrada Qapaq Ñam,2025-07-30 16:21,3.0,-18.2632696,-69.5998428,True,False,True,S263879363,
baytan3,Naranjero,Rauenia bonariensis,L40436508,Socoroma Quebrada Qapaq Ñam,2025-07-30 16:21,1.0,-18.2632696,-69.5998428,True,False,True,S263879363,
turvul,Jote de cabeza colorada,Cathartes aura,L16020004,Estero Margarita--Poza Larga,2025-07-30 16:05,2.0,-33.08247,-71.415506,True,False,False,S263899072,
pafear1,Bandurrilla de los bosques,Upucerthia saturatior,L16020004,Estero Margarita--Poza Larga,2025-07-30 16:05,1.0,-33.08247,-71.415506,True,False,False,S263899072,
oashum1,Picaflor del norte,Rhodopis vesper,L5458420,Estancia Yerba Buena,2025-07-30 15:52,2.0,-29.5729946,-71.299682,True,False,False,S263871617,
whttap1,Tapaculo,Scelorchilus albicollis,L5458420,Estancia Yerba Buena,2025-07-30 15:52,3.0,-29.5729946,-71.299682,True,False,False,S263871617,
bkbsht1,Mero gaucho,Agriornis montanus,L5458420,Estancia Yerba Buena,2025-07-30 15:52,1.0,-29.5729946,-71.299682,True,False,False,S263871617,
uplgoo1,Caiquén,Chloephaga picta,L4420517,Laguna Figueroa,2025-07-30 15:50,4.0,-51.3874769,-72.4432898,True,False,False,S263875987,
rutpla1,Rara,Phytotoma rara,L20133712,"7182 Las Perdices, La Florida, Región Metropolitana, CL (-33.523, -70.547)",2025-07-30 15:44,1.0,-33.5227638,-70.5468795,True,False,True,S263857920,
stbear2,Bandurrilla de pico recto,Ochetorhynchus ruficaudus,L516559,Zapahuira,2025-07-30 15:30,2.0,-18.3363581,-69.58148,True,False,False,S263889484,
sbgtyr1,Dormilona chica,Muscisaxicola maculirostris,L516559,Zapahuira,2025-07-30 15:30,2.0,-18.3363581,-69.58148,True,False,False,S263889484,
plsfin1,Pájaro plomo,Geospizopsis unicolor,L516559,Zapahuira,2025-07-30 15:30,,-18.3363581,-69.58148,True,False,False,S263889484,
gryfin1,Chirihue común,Sicalis luteola,L49515344,Parque Industrial Lo Boza,2025-07-30 15:21,1.0,-33.3809544,-70.7732381,True,False,False,S263856242,
spvear1,Picaflor azul,Colibri coruscans,L40023448,"Socoroma, Quebrada Detrás Iglesia",2025-07-30 15:16,1.0,-18.2620864,-69.605114,True,False,True,S263862575,
bichaw4,Peuquito,Astur chilensis,L12427719,"Avenida San Clemente, Puerto Varas, Los Lagos, CL (-41.326, -73.06)",2025-07-30 14:58,1.0,-41.326056,-73.059533,True,False,True,S263853191,
ruthaw1,Aguilucho de cola rojiza,Buteo ventralis,L12427719,"Avenida San Clemente, Puerto Varas, Los Lagos, CL (-41.326, -73.06)",2025-07-30 14:58,1.0,-41.326056,-73.059533,True,False,True,S263853191,
slbpar1,Choroy,Enicognathus leptorhynchus,L12427719,"Avenida San Clemente, Puerto Varas, Los Lagos, CL (-41.326, -73.06)",2025-07-30 14:58,3.0,-41.326056,-73.059533,True,False,True,S263853191,
dustap1,Churrín del norte,Scytalopus fuscus,L51039874,Los Molles--Cementerio de Mascotas Quilpué,2025-07-30 14:40,1.0,-33.1114581,-71.371007,True,False,False,S265139234,
giahum1,Picaflor gigante,Patagona gigas,L50735098,"Los Vilos, Coquimbo, CL (-31.991, -71.09)",2025-07-30 14:26,1.0,-31.9905781,-71.0904876,True,False,True,S263845736,
buwcin1,Churrete acanelado,Cinclodes fuscus,L3279743,Ten-Ten,2025-07-30 14:20,1.0,-42.4682508,-73.7639773,True,False,False,S263845313,
chiwig1,Pato real,Mareca sibilatrix,L48945524,Sitio Eriazo En Parcela,2025-07-30 14:18,2.0,-33.6030318,-70.8934728,True,False,True,S263848066,
andduc1,Pato rana de pico ancho,Oxyura ferruginea,L16903929,Laguna Sofía,2025-07-30 14:16,27.0,-51.5341636,-72.5966263,True,False,False,S263874599,
whtgre3,Pimpollo común,Rollandia rolland,L16903929,Laguna Sofía,2025-07-30 14:16,3.0,-51.5341636,-72.5966263,True,False,False,S263874599,
chutap1,Chucao,Scelorchilus rubecula,L28908802,"V-302, Parga, Los Lagos, CL (-41.215, -73.532)",2025-07-30 14:12,1.0,-41.2148674,-73.5321587,True,False,True,S263842823,
spfgal1,Tagüita común,Porphyriops melanops,L8479639,Laguna Temuco,2025-07-30 14:00,2.0,-38.6517272,-72.4812782,True,False,False,S263884619,
whwcoo1,Tagua chica,Fulica leucoptera,L8479639,Laguna Temuco,2025-07-30 14:00,4.0,-38.6517272,-72.4812782,True,False,False,S263884619,
pibgre,Picurio,Podilymbus podiceps,L8479639,Laguna Temuco,2025-07-30 14:00,2.0,-38.6517272,-72.4812782,True,False,False,S263884619,
cocher1,Garza cuca,Ardea cocoi,L8479639,Laguna Temuco,2025-07-30 14:00,1.0,-38.6517272,-72.4812782,True,False,False,S263884619,
aplfal,Halcón perdiguero,Falco femoralis,L8479639,Laguna Temuco,2025-07-30 14:00,2.0,-38.6517272,-72.4812782,True,False,False,S263884619,
whttre2,Comesebo grande,Pygarrhichas albogularis,L8479639,Laguna Temuco,2025-07-30 14:00,2.0,-38.6517272,-72.4812782,True,False,False,S263884619,
creduc1,Pato juarjual,Lophonetta specularioides,L572327,Porvenir,2025-07-30 13:48,8.0,-53.2985685,-70.3683758,True,False,False,S263826218,
magoys1,Pilpilén austral,Haematopus leucopodus,L572327,Porvenir,2025-07-30 13:48,4.0,-53.2985685,-70.3683758,True,False,False,S263826218,
snoegr,Garza chica,Egretta thula,L6612336,Universidad de Talca--Estación Experimental,2025-07-30 13:47,30.0,-35.366814,-71.598694,True,False,False,S263837642,
comgal1,Tagüita del norte,Gallinula galeata,L44654867,Laguna de Chucuyo,2025-07-30 13:16,3.0,-18.2052035,-69.3002248,True,False,True,S268237993,
giacoo1,Tagua gigante,Fulica gigantea,L44654867,Laguna de Chucuyo,2025-07-30 13:16,51.0,-18.2052035,-69.3002248,True,False,True,S268237993,
andavo1,Caití,Recurvirostra andina,L44654867,Laguna de Chucuyo,2025-07-30 13:16,11.0,-18.2052035,-69.3002248,True,False,True,S268237993,
rucdot1,Chorlo chileno,Zonibyx modestus,L22695899,Puerto Prat,2025-07-30 13:14,1.0,-51.6269009,-72.6380887,True,False,False,S263875893,
bcbeag1,Águila,Geranoaetus melanoleucus,L1151436,Socoroma,2025-07-30 13:10,2.0,-18.2642703,-69.6022403,True,False,False,S263839755,
flistd1,Quetru no volador,Tachyeres pteneres,L4323129,Ancud--Muelle Pudeto,2025-07-30 12:52,2.0,-41.8744601,-73.8000597,True,False,False,S263845386,
dolgul2,Gaviota austral,Leucophaeus scoresbii,L4323129,Ancud--Muelle Pudeto,2025-07-30 12:52,17.0,-41.8744601,-73.8000597,True,False,False,S263845386,
magcor1,Cormorán de las rocas,Leucocarbo magellanicus,L4323129,Ancud--Muelle Pudeto,2025-07-30 12:52,71.0,-41.8744601,-73.8000597,True,False,False,S263845388,
crgdov1,Tortolita quiguagua,Columbina cruziana,L940378,Museo de Azapa,2025-07-30 12:07,4.0,-18.5157287,-70.1809323,True,False,False,S263843397,
pershe2,Picaflor de Cora,Thaumastura cora,L940378,Museo de Azapa,2025-07-30 12:07,3.0,-18.5157287,-70.1809323,True,False,False,S263843397,
whcela1,Fío-fío,Elaenia albiceps,L940378,Museo de Azapa,2025-07-30 12:07,4.0,-18.5157287,-70.1809323,True,False,False,S263843397,
brcfly3,Cazamoscas de pico chato,Myiophobus rufescens,L940378,Museo de Azapa,2025-07-30 12:07,3.0,-18.5157287,-70.1809323,True,False,False,S263843397,
verfly,Saca-tu-real,Pyrocephalus rubinus,L940378,Museo de Azapa,2025-07-30 12:07,4.0,-18.5157287,-70.1809323,True,False,False,S263843397,
bawswa1,Golondrina de dorso negro,Pygochelidon cyanoleuca,L940378,Museo de Azapa,2025-07-30 12:07,9.0,-18.5157287,-70.1809323,True,False,False,S263843397,
cincon1,Comesebo chico,Conirostrum cinereum,L940378,Museo de Azapa,2025-07-30 12:07,6.0,-18.5157287,-70.1809323,True,False,False,S263843397,
slbfin3,Pizarrita,Xenospingus concolor,L940378,Museo de Azapa,2025-07-30 12:07,4.0,-18.5157287,-70.1809323,True,False,False,S263843397,
chtsee1,Corbatita del norte,Sporophila telasco,L940378,Museo de Azapa,2025-07-30 12:07,4.0,-18.5157287,-70.1809323,True,False,False,S263843397,
kelgoo1,Caranca,Chloephaga hybrida,L52271403,"Puerto Williams, bahia Robalo",2025-07-30 12:00,18.0,-54.9364888,-67.6558131,True,False,True,S270661019,
blaoys1,Pilpilén negro,Haematopus ater,L52271403,"Puerto Williams, bahia Robalo",2025-07-30 12:00,1.0,-54.9364888,-67.6558131,True,False,True,S270661019,
bknsti,Perrito,Himantopus mexicanus,L2984356,Río Curanipe--Desembocadura,2025-07-30 11:56,11.0,-35.8434268,-72.6340806,True,False,False,S263816636,
ameoys,Pilpilén común,Haematopus palliatus,L2984356,Río Curanipe--Desembocadura,2025-07-30 11:56,2.0,-35.8434268,-72.6340806,True,False,False,S263816636,
perboo1,Piquero de Humboldt,Sula variegata,L21305437,"Sendero Borde Costero, La Ligua CL-Valparaíso -32.24047, -71.51976",2025-07-30 11:45,13.0,-32.240468,-71.519758,True,False,True,S264084420,
seacin1,Churrete costero,Cinclodes nigrofumosus,L21305437,"Sendero Borde Costero, La Ligua CL-Valparaíso -32.24047, -71.51976",2025-07-30 11:45,2.0,-32.240468,-71.519758,True,False,True,S264084420,
gresht1,Mero grande,Agriornis lividus,L21305437,"Sendero Borde Costero, La Ligua CL-Valparaíso -32.24047, -71.51976",2025-07-30 11:45,1.0,-32.240468,-71.519758,True,False,True,S264084420,
soater1,Gaviotín sudamericano,Sterna hirundinacea,L1033571,Transbordador Pargua-Chacao,2025-07-30 11:42,3.0,-41.8143142,-73.4916687,True,False,False,S263816311,
bkbalb,Albatros de ceja negra,Thalassarche melanophris,L1033571,Transbordador Pargua-Chacao,2025-07-30 11:42,1.0,-41.8143142,-73.4916687,True,False,False,S263816311,
sooshe,Fardela negra,Ardenna grisea,L1033571,Transbordador Pargua-Chacao,2025-07-30 11:42,1.0,-41.8143142,-73.4916687,True,False,False,S263816311,
auscan1,Canastero del sur,Asthenes anthoides,L29149092,Estancia El Salto,2025-07-30 11:39,1.0,-52.5609249,-71.6410471,True,False,True,S264040374,
ausneg1,Colegial austral,Lessonia rufa,L50725161,"2720150, Santo Domingo CL-Región de Valparaíso -33.62565, -71.62351",2025-07-30 11:16,1.0,-33.625645,-71.623508,True,False,True,S263808410,
whfibi,Cuervo de pantano común,Plegadis chihi,L50724091,"2720150, Santo Domingo CL-Región de Valparaíso (-33.6286,-71.6240)",2025-07-30 10:59,12.0,-33.628561,-71.62403,True,False,True,S263803918,
whimbr,Zarapito común,Numenius phaeopus,L50724501,Costanera Antofagasta,2025-07-30 10:45,2.0,-23.6562218,-70.402233,True,False,True,S263805681,
belgul,Gaviota peruana,Larus belcheri,L50724501,Costanera Antofagasta,2025-07-30 10:45,5.0,-23.6562218,-70.402233,True,False,True,S263805681,
ashgoo1,Canquén común,Chloephaga poliocephala,L7988120,"Leñadura, Nuestra casa",2025-07-30 10:36,6.0,-53.2145727,-70.9476647,True,False,True,S263986577,
sedwre,Chercán de las vegas,Cistothorus platensis,L807764,Las Quemas Altas,2025-07-30 10:32,1.0,-40.6284479,-73.117919,True,False,False,S263818172,
whcpin,Pato gargantillo,Anas bahamensis,L504553,SN Humedal Río Maipo--Desembocadura,2025-07-30 10:28,4.0,-33.6198013,-71.6275442,True,False,False,S263801530,
fragul,Gaviota de Franklin,Leucophaeus pipixcan,L504553,SN Humedal Río Maipo--Desembocadura,2025-07-30 10:28,2.0,-33.6198013,-71.6275442,True,False,False,S263801530,
blkski,Rayador,Rynchops niger,L504553,SN Humedal Río Maipo--Desembocadura,2025-07-30 10:28,10.0,-33.6198013,-71.6275442,True,False,False,S263801530,
incter1,Gaviotín monja,Larosterna inca,L504553,SN Humedal Río Maipo--Desembocadura,2025-07-30 10:28,30.0,-33.6198013,-71.6275442,True,False,False,S263801530,
truter,Gaviotín piquerito,Sterna trudeaui,L504553,SN Humedal Río Maipo--Desembocadura,2025-07-30 10:28,1.0,-33.6198013,-71.6275442,True,False,False,S263801530,
wrlrus1,Trabajador,Phleocryptes melanops,L504553,SN Humedal Río Maipo--Desembocadura,2025-07-30 10:28,2.0,-33.6198013,-71.6275442,True,False,False,S263801530,
gramin1,Minero chico,Geositta maritima,L50733508,"Ruta 23 CH, San Pedro de Atacama CL-Región de Antofagasta -22.90166, -68.21988",2025-07-30 09:52,2.0,-22.901658,-68.219884,True,False,True,S263839769,
lesrhe2,Suri/Ñandú,Rhea pennata,L2761507,PN Lauca--Cotacotani (Huambune),2025-07-30 09:43,1.0,-18.2333,-69.2167,True,False,False,S263823409,
andgoo1,Piuquén,Oressochen melanopterus,L2761507,PN Lauca--Cotacotani (Huambune),2025-07-30 09:43,4.0,-18.2333,-69.2167,True,False,False,S263823409,
punibi1,Cuervo de pantano de la puna,Plegadis ridgwayi,L2761507,PN Lauca--Cotacotani (Huambune),2025-07-30 09:43,11.0,-18.2333,-69.2167,True,False,False,S263823409,
pugtyr1,Dormilona de la puna,Muscisaxicola juninensis,L2761507,PN Lauca--Cotacotani (Huambune),2025-07-30 09:43,2.0,-18.2333,-69.2167,True,False,False,S263823409,
wwdfin1,Diuca de alas blancas,Idiopsar speculifer,L572426,PN Lauca--Las Cuevas,2025-07-30 09:35,1.0,-18.1670566,-69.4337654,True,False,False,S271013218,
refcoo1,Tagua de frente roja,Fulica rufifrons,L14813136,"Parcela Mallín, Punucapa, Los Ríos, CL (-39.751, -73.272)",2025-07-30 09:22,1.0,-39.7512897,-73.2715836,True,False,True,S264184328,
magtap1,Churrín del sur,Scytalopus magellanicus,L14813136,"Parcela Mallín, Punucapa, Los Ríos, CL (-39.751, -73.272)",2025-07-30 09:22,2.0,-39.7512897,-73.2715836,True,False,True,S264184328,
soasni3,Becacina común,Gallinago magellanica,L3790826,Cuchi--pajonales (Putú),2025-07-30 09:02,4.0,-35.1679849,-72.2734308,True,False,False,S263872473,
corpip1,Bailarín chico común,Anthus correndera,L50725215,"15 San marcos, Lo Solar, Región Metropolitana, CL (-33.271, -70.782)",2025-07-30 08:35,2.0,-33.2711422,-70.7824827,True,False,True,S263808584,
petkne1,Chorlo cabezón,Hesperoburhinus superciliaris,L50719570,"Playa Las Machas, Arica CL-Arica y Parinacota Region (-18.4064,-70.3303)",2025-07-30 08:23,2.0,-18.406361,-70.330304,True,False,True,S263784455,
commin1,Minero común,Geositta cunicularia,L5458420,Estancia Yerba Buena,2025-07-30 08:20,2.0,-29.5729946,-71.299682,True,False,False,S263768252,
andswi1,Vencejo chico,Aeronautes andecolus,L7966763,Camino a Socoroma,2025-07-30 08:10,1.0,-18.2703577,-69.594825,True,False,True,S263821582,
andhil3,Picaflor de la puna,Oreotrochilus estella,L7966763,Camino a Socoroma,2025-07-30 08:10,2.0,-18.2703577,-69.594825,True,False,True,S263821582,
pepowl1,Chuncho del norte,Glaucidium peruanum,L7966763,Camino a Socoroma,2025-07-30 08:10,1.0,-18.2703577,-69.594825,True,False,True,S263821582,
cancan1,Canastero de las quebradas,Asthenes pudibunda,L7966763,Camino a Socoroma,2025-07-30 08:10,1.0,-18.2703577,-69.594825,True,False,True,S263821582,
bktflo1,Comesebo negro,Diglossa brunneiventris,L7966763,Camino a Socoroma,2025-07-30 08:10,2.0,-18.2703577,-69.594825,True,False,True,S263821582,
bhsfin1,Cometocino del norte,Phrygilus atriceps,L7966763,Camino a Socoroma,2025-07-30 08:10,1.0,-18.2703577,-69.594825,True,False,True,S263821927,
puntea1,Pato puna,Spatula puna,L9471586,P.N. LAUCA LAGO CHUNGARÁ DOH,2025-07-30 04:45,4.0,-18.2409752,-69.1821494,True,False,True,S271013215,
punmin1,Minero de la puna,Geositta punensis,L9471586,P.N. LAUCA LAGO CHUNGARÁ DOH,2025-07-30 04:45,1.0,-18.2409752,-69.1821494,True,False,True,S271013215,
bubear2,Bandurrilla de la puna,Upucerthia validirostris,L9471586,P.N. LAUCA LAGO CHUNGARÁ DOH,2025-07-30 04:45,1.0,-18.2409752,-69.1821494,True,False,True,S271013215,
whwcin1,Churrete de alas blancas,Cinclodes atacamensis,L9471586,P.N. LAUCA LAGO CHUNGARÁ DOH,2025-07-30 04:45,1.0,-18.2409752,-69.1821494,True,False,True,S271013215,
corcan1,Canastero chico,Asthenes modesta,L9471586,P.N. LAUCA LAGO CHUNGARÁ DOH,2025-07-30 04:45,1.0,-18.2409752,-69.1821494,True,False,True,S271013215,
andfla2,Parina grande,Phoenicoparrus andinus,L2349056,PN Lauca--Estación CONAF,2025-07-30 03:33,2.0,-18.2507578,-69.1767775,True,False,False,S271013216,
jamfla1,Parina chica,Phoenicoparrus jamesi,L2349056,PN Lauca--Estación CONAF,2025-07-30 03:33,3.0,-18.2507578,-69.1767775,True,False,False,S271013216,
wfgtyr1,Dormilona gigante,Muscisaxicola albifrons,L2349056,PN Lauca--Estación CONAF,2025-07-30 03:33,4.0,-18.2507578,-69.1767775,True,False,False,S271013216,
